<?xml version="1.0" encoding="UTF-8"?>
<project-private xmlns="http://www.netbeans.org/ns/project-private/1">
    <editor-bookmarks xmlns="http://www.netbeans.org/ns/editor-bookmarks/2" lastBookmarkId="0"/>
    <open-files xmlns="http://www.netbeans.org/ns/projectui-open-files/2">
        <group>
            <file>file:/C:/Users/vivek/Documents/NetBeansProjects/DatabaseExample/src/java/Model/LoginAdminDb.java</file>
            <file>file:/C:/Users/vivek/Documents/NetBeansProjects/DatabaseExample/web/newhtmlkkkk.html</file>
            <file>file:/C:/Users/vivek/Documents/NetBeansProjects/DatabaseExample/src/java/Model/RegisterDb.java</file>
            <file>file:/C:/Users/vivek/Documents/NetBeansProjects/DatabaseExample/web/loginadmin.html</file>
            <file>file:/C:/Users/vivek/Documents/NetBeansProjects/DatabaseExample/web/index.html</file>
            <file>file:/C:/Users/vivek/Documents/NetBeansProjects/DatabaseExample/src/java/Controller/LoginServletAdmin.java</file>
            <file>file:/C:/Users/vivek/Documents/NetBeansProjects/DatabaseExample/src/java/Controller/TransDrv.java</file>
            <file>file:/C:/Users/vivek/Documents/NetBeansProjects/DatabaseExample/src/java/Controller/Auto_Remove.java</file>
            <file>file:/C:/Users/vivek/Documents/NetBeansProjects/DatabaseExample/web/successautodele.jsp</file>
            <file>file:/C:/Users/vivek/Documents/NetBeansProjects/DatabaseExample/src/java/Model/Auto_DriverDb.java</file>
            <file>file:/C:/Users/vivek/Documents/NetBeansProjects/DatabaseExample/src/java/Model/Auto_RemoveDb.java</file>
            <file>file:/C:/Users/vivek/Documents/NetBeansProjects/DatabaseExample/src/java/Controller/Auto_Driver.java</file>
            <file>file:/C:/Users/vivek/Documents/NetBeansProjects/DatabaseExample/web/error.jsp</file>
            <file>file:/C:/Users/vivek/Documents/NetBeansProjects/DatabaseExample/src/java/Controller/Trans.java</file>
            <file>file:/C:/Users/vivek/Documents/NetBeansProjects/DatabaseExample/web/dirversuccess.html</file>
            <file>file:/C:/Users/vivek/Documents/NetBeansProjects/DatabaseExample/web/driverfail.html</file>
            <file>file:/C:/Users/vivek/Documents/NetBeansProjects/DatabaseExample/src/java/Controller/RegisterServlet.java</file>
            <file>file:/C:/Users/vivek/Documents/NetBeansProjects/DatabaseExample/web/register.html</file>
            <file>file:/C:/Users/vivek/Documents/NetBeansProjects/DatabaseExample/src/java/Model/LoginDb.java</file>
            <file>file:/C:/Users/vivek/Documents/NetBeansProjects/DatabaseExample/src/java/Model/Dec_AutoDb.java</file>
            <file>file:/C:/Users/vivek/Documents/NetBeansProjects/DatabaseExample/web/loignsuccess.html</file>
            <file>file:/C:/Users/vivek/Documents/NetBeansProjects/DatabaseExample/src/java/Controller/LoginServlet.java</file>
            <file>file:/C:/Users/vivek/Documents/NetBeansProjects/DatabaseExample/src/java/Controller/Dec_Auto.java</file>
            <file>file:/C:/Users/vivek/Documents/NetBeansProjects/DatabaseExample/web/pay_succ.html</file>
            <file>file:/C:/Users/vivek/Documents/NetBeansProjects/DatabaseExample/src/java/Model/AddMUserDb.java</file>
            <file>file:/C:/Users/vivek/Documents/NetBeansProjects/DatabaseExample/src/java/Model/Auto_AddDb.java</file>
            <file>file:/C:/Users/vivek/Documents/NetBeansProjects/DatabaseExample/src/java/Model/TransDrvDb.java</file>
            <file>file:/C:/Users/vivek/Documents/NetBeansProjects/DatabaseExample/src/java/Controller/Auto_Add.java</file>
            <file>file:/C:/Users/vivek/Documents/NetBeansProjects/DatabaseExample/src/java/Controller/AddMUser.java</file>
            <file>file:/C:/Users/vivek/Documents/NetBeansProjects/DatabaseExample/web/success.jsp</file>
            <file>file:/C:/Users/vivek/Documents/NetBeansProjects/DatabaseExample/web/pay_fail.html</file>
            <file>file:/C:/Users/vivek/Documents/NetBeansProjects/DatabaseExample/src/java/Model/TransDb.java</file>
            <file>file:/C:/Users/vivek/Documents/NetBeansProjects/DatabaseExample/web/login1.html</file>
        </group>
    </open-files>
</project-private>
